code,name,tv_symbol,yf_symbol,sector
,Ambest Group Berhad,AMBEST,,Producer Manufacturing
,Cloudpoint Technology Bhd,CLOUDPT,,Technology Services
,Watta Holding Bhd.,WATTA,,Distribution Services
,SENTRAL REIT,SENTRAL,,Finance
,AEON Credit Service (M) Bhd.,AEONCR,,Finance
,Hubline Bhd.,HUBLINE,,Transportation
,Sancy Bhd,SANCY,,Technology Services
,Theta Edge Bhd.,THETA,,Technology Services
,EP Manufacturing Bhd.,EPMB,,Producer Manufacturing
,West River Bhd.,WESTRVR,,Industrial Services
,Greentronics Technology Berhad,GREENTEC,,Industrial Services
,Betamek Bhd,BETA,,Electronic Technology
,Hua Yang Bhd.,HUAYANG,,Finance
,Milux Corp. Bhd.,MILUX,,Consumer Durables
,Golden Destinations Group Berhad,GDGROUP,,Consumer Services
,Divfex Bhd,DFX,,Technology Services
,TSA Group Bhd,TSA,,Distribution Services
,Paramount Corp. Bhd.,PARAMON,,Finance
,CJ Century Logistics Holdings Bhd.,CJCEN,,Transportation
,Guan Chong Bhd.,GCB,,Consumer Non-Durables
,Tune Protect Group Bhd.,TUNEPRO,,Finance
,Taghill Holdings Bhd,TAGHILL,,Industrial Services
,LBS Bina Group Bhd.,LBS,,Finance
,Oppstar Berhad,OPPSTAR,,Electronic Technology
,Hiap Huat Holdings Bhd.,HHHCORP,,Energy Minerals
,Kamdar Group (M) Bhd.,KAMDAR,,Retail Trade
,Hup Seng Industries Bhd.,HUPSENG,,Consumer Non-Durables
,A1 A.K. Koh Group Bhd.,A1AKK,,Distribution Services
,Elsoft Research Bhd.,ELSOFT,,Commercial Services
,Crest Builder Holdings Bhd.,CRESBLD,,Industrial Services
,Sinaran Advance Group Bhd,SINARAN,,Consumer Non-Durables
,CWG Holdings Bhd.,CWG,,Producer Manufacturing
,BWYS Group Bhd,BWYS,,Producer Manufacturing
,Kein Hing International Bhd.,KEINHIN,,Producer Manufacturing
,Supercomnet Technologies Bhd.,SCOMNET,,Producer Manufacturing
,ETA Group Berhad,ETA,,Consumer Non-Durables
,Sasbadi Holdings Bhd,SASBADI,,Consumer Services
,MNC Wireless Bhd.,MNC,,Communications
,Minox International Group Bhd,MINOX,,Distribution Services
,RTS Technology Holdings Bhd,RTSTECH,,Transportation
,Axteria Group Bhd,AXTERIA,,Finance
,Inari Amertron Berhad,INARI,,Electronic Technology
,Spritzer Bhd.,SPRITZER,,Consumer Non-Durables
,Hibiscus Petroleum Bhd.,HIBISCS,,Energy Minerals
,Kumpulan Fima Bhd.,KFIMA,,Process Industries
,Oversea Enterprise Bhd.,OVERSEA,,Consumer Services
,Zelan Bhd.,ZELAN,,Industrial Services
,RGT Bhd.,RGTBHD,,Process Industries
,Advance Synergy Bhd.,ASB,,Consumer Services
,Sin Heng Chan (Malaya) Bhd.,SHCHAN,,Process Industries
,VELOCITY CAPITAL PARTNER Bhd,VELOCITY,,Producer Manufacturing
,Leong Hup International Bhd.,LHI,,Process Industries
,Ta Ann Holdings Bhd.,TAANN,,Non-Energy Minerals
,Keck Seng (Malaysia) Bhd.,KSENG,,Process Industries
,AEON Co. (Malaysia) Bhd.,AEON,,Retail Trade
,ISF Group Berhad,ISF,,Distribution Services
,Tanco Holdings Bhd.,TANCO,,Finance
,Chin Hin Group Bhd,CHINHIN,,Distribution Services
,CBH Engineering Holding Berhad,CBHB,,Utilities
,Hume Cement Industries Berhad,HUMEIND,,Non-Energy Minerals
,Focus Point Holdings Bhd.,FOCUSP,,Retail Trade
,Comfort Gloves Bhd.,COMFORT,,Producer Manufacturing
,Jentayu Sustainables Bhd.,JSB,,Distribution Services
,Ocean Fresh Bhd.,OFB,,Consumer Non-Durables
,Y&G Corporation Bhd.,Y&G,,Finance
,Pegasus Heights Bhd,PHB,,Distribution Services
,IOI Corporation Berhad,IOICORP,,Process Industries
,Edelteq Holdings Bhd,EDELTEQ,,Electronic Technology
,TT Vision Holdings Bhd.,TTVHB,,Electronic Technology
,KIP Real Estate Investment Trust,KIPREIT,,Finance
,Elsa Berhad,ELSA,,Technology Services
,RT Pastry Holdings Berhad,RT,,Retail Trade
,Ho Hup Construction Co. Bhd.,HOHUP,,Finance
,Khee San Bhd.,KHEESAN,,Consumer Non-Durables
,Landmarks Bhd.,LANDMRK,,Consumer Services
,EC Excel Holdings Berhad,ECEXCEL,,Non-Energy Minerals
,D'nonce Technology Bhd.,DNONCE,,Electronic Technology
,Technodex Bhd.,TDEX,,Commercial Services
,Aumas Resources Bhd,AUMAS,,Non-Energy Minerals
,SNS Network Technology Bhd.,SNS,,Technology Services
,White Horse Bhd.,WTHORSE,,Producer Manufacturing
,Choo Bee Metal Industries Bhd.,CHOOBEE,,Non-Energy Minerals
,WTK Holdings Bhd.,WTK,,Non-Energy Minerals
,Citaglobal Bhd,CITAGLB,,Industrial Services
,Kucingko Sdn Bhd,KUCINGKO,,Consumer Services
,GUH Holdings Bhd.,GUH,,Consumer Durables
,Coraza Integrated Technology Bhd,CORAZA,,Producer Manufacturing
,Malton Bhd.,MALTON,,Finance
,Kim Hin Joo (Malaysia) Bhd.,KHJB,,Retail Trade
,PBA Holdings Bhd.,PBA,,Utilities
,Hartalega Holdings Bhd.,HARTA,,Producer Manufacturing
,AIZO Group Berhad,AIZO,,Industrial Services
,Petronas Dagangan Bhd.,PETDAG,,Distribution Services
,Vanzo Holdings Bhd,VANZO,,Process Industries
,Dynafront Holdings Bhd.,DYNAFNT,,Technology Services
,Associated Air-Pak Industries Berhad,AAI,,Process Industries
,Fitters Diversified Bhd.,FITTERS,,Producer Manufacturing
,FM Global Logistics Holdings Bhd,FM,,Transportation
,XOX Bhd.,XOX,,Communications
,NTPM Holdings Bhd.,NTPM,,Consumer Non-Durables
,KJTS Group Berhad,KJTS,,Commercial Services
,Focus Dynamics Group Bhd.,FOCUS,,Consumer Services
,Borneo Oil Bhd.,BORNOIL,,Consumer Services
,IGB Commercial Real Estate Investment Trust,IGBCR,,Finance
,Public Bank Bhd,PBBANK,,Finance
,Supermax Corp. Bhd.,SUPERMX,,Distribution Services
,Riverview Rubber Estates Bhd.,RVIEW,,Process Industries
,Malaysian Pacific Industries Bhd.,MPI,,Electronic Technology
,Gagasan Nadi Cergas Bhd.,NADIBHD,,Consumer Durables
,JAG Berhad,JAG,,Industrial Services
,TAFI Industries Bhd.,TAFI,,Consumer Durables
,Ecobuilt Holdings Bhd.,ECOHLDS,,Industrial Services
,MISC Bhd,MISC,,Transportation
,Panda Eco System Bhd,PANDA,,Technology Services
,Yoong Onn Corp. Bhd.,YOCB,,Consumer Durables
,Astino Bhd.,ASTINO,,Producer Manufacturing
,Mitrajaya Holdings Bhd.,MITRA,,Industrial Services
,Puncak Niaga Holdings Bhd.,PUNCAK,,Utilities
,AwanBiru Technology Bhd.,AWANTEC,,Technology Services
,Berjaya Food Bhd.,BJFOOD,,Consumer Services
,I-Berhad,IBHD,,Finance
,Maxis Bhd.,MAXIS,,Communications
,Aurelius Technologies Bhd.,ATECH,,Electronic Technology
,Varia Berhad,VARIA,,Finance
,Uni Wall Aps Holdings Bhd,UNIWALL,,Distribution Services
,Country View Bhd.,CVIEW,,Finance
,Scicom (MSC) Bhd.,SCICOM,,Commercial Services
,KPJ Healthcare Bhd.,KPJ,,Health Services
,JcbNext Bhd.,JCBNEXT,,Commercial Services
,Able Global Bhd,ABLEGLOB,,Process Industries
,Kerjaya Prospek Group Berhad,KERJAYA,,Industrial Services
,PETRONAS Chemicals Group Bhd.,PCHEM,,Process Industries
,PSP Energy Berhad,PSP,,Distribution Services
,Poh Kong Holdings Bhd.,POHKONG,,Consumer Durables
,Sunsuria Berhad,SUNSURIA,,Finance
,Farm Fresh Bhd.,FFB,,Consumer Non-Durables
,Guan Huat Seng Holdings Bhd.,GHS,,Distribution Services
,SFP Tech Holdings Bhd,SFPTECH,,Industrial Services
,Sunway Real Estate Investment Trust,SUNREIT,,Finance
,EUPE Corp. Bhd.,EUPE,,Finance
,M & A Equity Holdings Bhd,M&A,,Finance
,Sanichi Technology Bhd.,SANICHI,,Producer Manufacturing
,Bonia Corp. Bhd.,BONIA,,Retail Trade
,Lion Industries Corp. Bhd.,LIONIND,,Non-Energy Minerals
,Solar District Cooling Group Bhd.,SDCG,,Industrial Services
,Infraharta Holdings Bhd.,IHB,,Consumer Durables
,SMRT Holdings Berhad,SMRT,,Commercial Services
,United U-LI Corp. Bhd.,ULICORP,,Producer Manufacturing
,Pesona Metro Holdings Bhd.,PESONA,,Industrial Services
,Alpha Ocean Resources Bhd.,AORB,,Process Industries
,Hwa Tai Industries Bhd.,HWATAI,,Consumer Non-Durables
,Zecon Bhd.,ZECON,,Industrial Services
,Petron Malaysia Refining & Marketing Bhd.,PETRONM,,Energy Minerals
,Warisan TC Holdings Bhd.,WARISAN,,Commercial Services
,HSS Engineers Bhd.,HSSEB,,Industrial Services
,SEG International Bhd.,SEG,,Commercial Services
,Camaroe Berhad,CAMAROE,,Process Industries
,Muar Ban Lee Group Bhd.,MBL,,Process Industries
,Amtel Holdings Bhd.,AMTEL,,Technology Services
,Supergenics Bhd,SGBHD,,Industrial Services
,LB Aluminium Bhd.,LBALUM,,Non-Energy Minerals
,XIN Synergy Grp Bhd,XIN,,Non-Energy Minerals
,Smart Asia Chemical Bhd,SMART,,Process Industries
,ICT Zone Asia Bhd.,ICTZONE,,Technology Services
,Kumpulan Kitacon Berhad,KITACON,,Consumer Durables
,Hong Leong Financial Group Bhd.,HLFG,,Finance
,Pentech Holdings Berhad,PENTECH,,Technology Services
,Hektar Real Estate Investment Trust,HEKTAR,,Finance
,UEM Sunrise Bhd.,UEMS,,Finance
,Land & General Bhd.,L&G,,Finance
,Signature International Bhd.,SIGN,,Miscellaneous
,Muhibbah Engineering (M) Bhd.,MUHIBAH,,Industrial Services
,Malaysia Marine & Heavy Engineering Holdings Bhd.,MHB,,Industrial Services
,Mudajaya Group Bhd.,MUDAJYA,,Industrial Services
,Mentiga Corp. Bhd.,MENTIGA,,Process Industries
,Ajiya Bhd.,AJIYA,,Distribution Services
,TMC Life Sciences Bhd.,TMCLIFE,,Health Services
,CAB Cakaran Corp. Bhd.,CAB,,Process Industries
,George Kent (Malaysia) Bhd.,GKENT,,Industrial Services
,Dayang Enterprise Holdings Bhd.,DAYANG,,Industrial Services
,Saudigold Group Bhd,SG,,Consumer Non-Durables
,Exsim Hospitality Bhd,EXSIMHB,,Consumer Services
,CSC Steel Holdings Bhd.,CSCSTEL,,Producer Manufacturing
,Inta Bina Group Bhd.,INTA,,Consumer Durables
,UUE Holdings Berhad,UUE,,Industrial Services
,Globetronics Technology Bhd.,GTRONIC,,Electronic Technology
,Petronas Gas Bhd.,PETGAS,,Utilities
,Sunzen Group Bhd,SUNZEN,,Health Technology
,S P Setia Bhd.,SPSETIA,,Finance
,DS Sigma Holdings Berhad,DSS,,Process Industries
,Syarikat Takaful Malaysia Keluarga Bhd.,TAKAFUL,,Finance
,Sunway Construction Group Bhd.,SUNCON,,Industrial Services
,GuocoLand (Malaysia) Bhd.,GUOCO,,Finance
,MGB Bhd,MGB,,Consumer Durables
,Yinson Holdings Bhd.,YINSON,,Producer Manufacturing
,Hong Leong Bank Bhd,HLBANK,,Finance
,L&P Global Berhad,L&PBHD,,Commercial Services
,Kronologi Asia Bhd.,KRONO,,Technology Services
,LGMS Bhd,LGMS,,Technology Services
,Itmax System Bhd,ITMAX,,Commercial Services
,Joe Holding Bhd.,JOE,,Consumer Durables
,Oriental Food Industries Holdings Bhd.,OFI,,Consumer Non-Durables
,Life Water Bhd.,LWSABAH,,Consumer Non-Durables
,BMS Holdings Berhad,BMS,,Retail Trade
,Sunmow Holding Bhd,SUNMOW,,Industrial Services
,DKSH Holdings (Malaysia) Bhd.,DKSH,,Transportation
,OCB Bhd.,OCB,,Distribution Services
,Hexza Corp. Bhd.,HEXZA,,Process Industries
,Crest Group Bhd.,CREST,,Health Technology
,Excel Force MSC Bhd.,EFORCE,,Technology Services
,MN Holdings Bhd.,MNHLDG,,Industrial Services
,Kumpulan H&L High-Tech Bhd.,HIGHTEC,,Producer Manufacturing
,Key ASIC Bhd.,KEYASIC,,Electronic Technology
,Ping Edge Technology Berhad,PING,,Distribution Services
,MAA Group Bhd.,MAA,,Finance
,GFM Services Bhd.,GFM,,Commercial Services
,Ibraco Bhd.,IBRACO,,Finance
,ARB Bhd.,ARBB,,Technology Services
,Lotte Chemical Titan Holdings Bhd,LCTITAN,,Process Industries
,Paos Holdings Bhd.,PAOS,,Consumer Non-Durables
,TH Plantations Bhd.,THPLANT,,Process Industries
,Greenyield Bhd.,GREENYB,,Producer Manufacturing
,Metronic Global Bhd.,MTRONIC,,Technology Services
,Unisem (M) Bhd.,UNISEM,,Electronic Technology
,EITA Resources Bhd.,EITA,,Producer Manufacturing
,MSB Global Group Bhd.,MSB,,Distribution Services
,BesHom Holdings Bhd,BESHOM,,Retail Trade
,YTL Corp Bhd.,YTL,,Utilities
,SCGM Bhd.,SCGM,,Process Industries
,Powerwell Holdings Bhd.,PWRWELL,,Producer Manufacturing
,Ranhill Utilities Bhd.,RANHILL,,Utilities
,Ramssol Group Bhd.,RAMSSOL,,Technology Services
,LPI Capital Bhd,LPI,,Finance
,RedPlanet Bhd,RPLANET,,Industrial Services
,Privasia Technology Bhd.,PRIVA,,Technology Services
,Westports Holdings Bhd.,WPRTS,,Transportation
,Rekatech Capital Bhd,REKATECH,,Commercial Services
,Genting Malaysia Bhd.,GENM,,Consumer Services
,HSS Holdings Berhad,HSSBAKERY,,Consumer Non-Durables
,Farm Price Holdings Bhd.,FPHB,,Distribution Services
,Tomypak Holdings Bhd.,TOMYPAK,,Process Industries
,HPMT Holdings Bhd.,HPMT,,Producer Manufacturing
,ES Ceramics Technology Bhd.,ESCERAM,,Non-Energy Minerals
,Rimbunan Sawit Bhd.,RSAWIT,,Process Industries
,Sealink International Bhd.,SEALINK,,Producer Manufacturing
,Edaran Bhd.,EDARAN,,Technology Services
,Fintec Global Bhd,FINTEC,,Commercial Services
,Lebtech Bhd.,LEBTECH,,Industrial Services
,Pimpinan Ehsan Berhad,PEB,,Finance
,Bintulu Port Holdings Bhd.,BIPORT,,Transportation
,Pantech Global Bhd.,PGLOBAL,,Non-Energy Minerals
,Digistar Corp. Bhd.,DIGISTA,,Technology Services
,LTKM Bhd.,LTKM,,Process Industries
,Empire Premium Food Bhd.,EMPIRE,,Consumer Services
,Censof Holdings Bhd.,CENSOF,,Technology Services
,Hartanah Kenyalang Bhd,HKB,,Industrial Services
,Cloudaron Group Bhd.,CLOUD,,Technology Services
,OneTech Solutions Holdings Bhd.,1TECH,,Technology Services
,Imaspro Corp. Bhd.,IMASPRO,,Process Industries
,Texchem Resources Bhd.,TEXCHEM,,Distribution Services
,XL Holdings Bhd,XL,,Process Industries
,HeiTech Padu Bhd.,HTPADU,,Technology Services
,Kumpulan Jetson Bhd.,JETSON,,Producer Manufacturing
,Matrix Concepts Holdings Bhd.,MATRIX,,Finance
,Thong Guan Industries Bhd.,TGUAN,,Process Industries
,AURO Holdings Bhd,AURO,,Non-Energy Minerals
,Jag Capital Berhad,JAGCPTL,,Commercial Services
,Glomac Bhd.,GLOMAC,,Finance
,Malaysian Genomics Resource Centre Bhd.,MGRC,,Health Services
,NuEnergy Holdings Bhd,NHB,,Utilities
,Noesis Exed Berhad,NOESIS,,Commercial Services
,United Plantations Bhd.,UTDPLT,,Process Industries
,Uzma Bhd.,UZMA,,Industrial Services
,GDB Holdings Bhd.,GDB,,Consumer Durables
,Teamstar Berhad,TEAMSTR,,Retail Trade
,Shangri-La Hotels Malaysia Bhd.,SHANG,,Consumer Services
,TSR Capital Bhd.,TSRCAP,,Industrial Services
,Dufu Technology Corp. Bhd.,DUFU,,Electronic Technology
,Meta Bright Group Bhd,MBRIGHT,,Consumer Services
,Volcano Bhd.,VOLCANO,,Producer Manufacturing
,Box-Pak (Malaysia) Bhd.,BOXPAK,,Process Industries
,Jagasolution Berhad,JAGAAPP,,Technology Services
,Dutch Lady Milk Industries Bhd.,DLADY,,Consumer Non-Durables
,MSM Malaysia Holdings Bhd.,MSM,,Process Industries
,Malayan United Industries Bhd.,MUIIND,,Consumer Services
,SWS Capital Bhd.,SWSCAP,,Consumer Durables
,Central Global Bhd,CGB,,Consumer Durables
,PARADIGM REAL ESTATE INVESTMENT TRUST,PARADIGM,,Finance
,Wawasan Dengkil Holdings Bhd,DENGKIL,,Industrial Services
,Aimflex Bhd.,AIMFLEX,,Technology Services
,Kenanga Investment Bank Bhd.,KENANGA,,Finance
,Industronics Bhd.,ITRONIC,,Electronic Technology
,Semico Capital Bhd.,SEMICO,,Distribution Services
,MKH Oil Palm (East Kalimantan) Bhd,MKHOP,,Process Industries
,Uchi Technologies Bhd.,UCHITEC,,Electronic Technology
,Protasco Bhd.,PRTASCO,,Industrial Services
,Pan Merchant Bhd,PMIBHD,,Producer Manufacturing
,Lim Seong Hai Capital Bhd,LSH,,Distribution Services
,Alpha IVF Group Bhd.,ALPHA,,Health Services
,Qes Group Bhd,QES,,Electronic Technology
,Reach Ten Holdings Berhad,REACHTEN,,Communications
,Advance Information Marketing Bhd.,AIM,,Commercial Services
,Prolintas Infra Business Trust,PLINTAS,,Industrial Services
,Eden Inc. Berhad,EDEN,,Utilities
,Resintech Bhd.,RESINTC,,Producer Manufacturing
,DFCITY Group Bhd.,DFCITY,,Non-Energy Minerals
,AHB Holdings Bhd.,AHB,,Consumer Durables
,Ahmad Zaki Resources Bhd.,AZRB,,Industrial Services
,S & F Capital Bhd.,S&FCAP,,Non-Energy Minerals
,OCK Group Bhd.,OCK,,Industrial Services
,Harrisons Holdings Malaysia Bhd.,HARISON,,Distribution Services
,Careplus Group Bhd.,CAREPLS,,Producer Manufacturing
,HCK Capital Group Berhad,HCK,,Finance
,PRG Holdings Berhad,PRG,,Process Industries
,MKH Berhad,MKH,,Finance
,Kluang Rubber Co. (Malaya) Bhd.,KLUANG,,Process Industries
,Colform Group Berhad,COLFORM,,Non-Energy Minerals
,Country Heights Holdings Bhd.,CHHB,,Finance
,Padini Holdings Bhd.,PADINI,,Retail Trade
,Success Transformer Corp. Bhd.,SUCCESS,,Producer Manufacturing
,Perak Transit Bhd.,PTRANS,,Transportation
,Tashin Holdings Bhd.,TASHIN,,Non-Energy Minerals
,C.I. Holdings Bhd.,CIHLDG,,Producer Manufacturing
,CelcomDigi Berhad,CDB,,Communications
,Ajinomoto (Malaysia) Bhd.,AJI,,Consumer Non-Durables
,Mynews Holdings Bhd,MYNEWS,,Distribution Services
,Mi Technovation Bhd.,MI,,Producer Manufacturing
,Favelle Favco Bhd.,FAVCO,,Producer Manufacturing
,Globaltec Formation Bhd.,GLOTEC,,Producer Manufacturing
,Southern Cable Group Bhd.,SCGBHD,,Producer Manufacturing
,NetX Holdings Bhd.,NETX,,Technology Services
,HHRG BERHAD,HHRG,,Non-Energy Minerals
,WCT Holdings Bhd.,WCT,,Industrial Services
,Nestle (Malaysia) Bhd.,NESTLE,,Consumer Non-Durables
,South Malaysia Industries Bhd.,SMI,,Producer Manufacturing
,PTT Synergy Group Bhd.,PTT,,Distribution Services
,Green Packet Bhd.,GPACKET,,Technology Services
,AME Elite Consortium Berhad,AME,,Consumer Durables
,Malayan Flour Mills Bhd.,MFLOUR,,Process Industries
,BCB BHD,BCB,,Finance
,PBS Bhd,PBSB,,Transportation
,Tower Real Estate Investment Trust,TWRREIT,,Finance
,Cahya Mata Sarawak Bhd.,CMSB,,Non-Energy Minerals
,Mlabs Systems Bhd.,MLAB,,Consumer Durables
,Agricore CS Holdings Bhd,AGRICOR,,Distribution Services
,Fiamma Holdings Bhd.,FIAMMA,,Retail Trade
,ManagePay Systems Bhd.,MPAY,,Commercial Services
,Iconic Worldwide Bhd.,ICONIC,,Consumer Services
,Chin Well Holdings Bhd.,CHINWEL,,Producer Manufacturing
,Concrete Engineering Products Bhd.,CEPCO,,Non-Energy Minerals
,Eonmetall Group Bhd.,EMETALL,,Non-Energy Minerals
,Harn Len Corporation Bhd.,HARNLEN,,Consumer Durables
,SKP Resources Bhd.,SKPRES,,Producer Manufacturing
,EVD Bhd,EVD,,Technology Services
,Fima Corp. Bhd.,FIMACOR,,Process Industries
,CYL Corporation Berhad,CYL,,Process Industries
,Citra Nusa Holdings Bhd,CNH,,Consumer Non-Durables
,Lagenda Properties Bhd.,LAGENDA,,Finance
,Kerjaya Prospek Property Bhd.,KPPROP,,Finance
,POWERTECHNIC GROUP BHD,POWER,,Producer Manufacturing
,Northern Solar Holdings Bhd.,NORTHERN,,Industrial Services
,Pansar Bhd.,PANSAR,,Distribution Services
,Enest Group Bhd.,ENEST,,Process Industries
,Ocean Vantage Holdings Bhd.,OVH,,Industrial Services
,7-Eleven Malaysia Holdings Bhd,SEM,,Retail Trade
,Malaysian Resources Corp. Bhd.,MRCB,,Industrial Services
,Feytech Holdings Bhd,FEYTECH,,Producer Manufacturing
,Infomina Bhd,INFOM,,Technology Services
,Batu Kawan Bhd.,BKAWAN,,Process Industries
,Sports Toto Berhad,SPTOTO,,Consumer Services
,Binasat Communications Bhd.,BINACOM,,Communications
,Marco Holdings Bhd.,MARCO,,Distribution Services
,Signature Alliance Group Berhad,SAG,,Commercial Services
,SMTrack Bhd.,SMTRACK,,Electronic Technology
,EG Industries Bhd.,EG,,Consumer Durables
,OSK Holdings Bhd.,OSK,,Finance
,Geohan Corporation Berhad,GEOHAN,,Industrial Services
,RHB Bank Bhd.,RHBBANK,,Finance
,Can-One Bhd.,CANONE,,Process Industries
,Bermaz Auto Berhad,BAUTO,,Retail Trade
,PMW International Bhd.,PMW,,Non-Energy Minerals
,IJM Corporation Berhad,IJM,,Industrial Services
,Johor Plantations Group Bhd,JPG,,Process Industries
,Jaycorp Berhad,JAYCORP,,Consumer Durables
,CCK Consolidated Holdings Bhd.,CCK,,Retail Trade
,Lay Hong Bhd.,LAYHONG,,Process Industries
,Techbase Industries Berhad,TECHBASE,,Consumer Non-Durables
,MMS Ventures Bhd.,MMSV,,Producer Manufacturing
,CEKD Bhd,CEKD,,Producer Manufacturing
,Top Glove Corporation Bhd.,TOPGLOV,,Health Technology
,CE Technology Bhd.,CETECH,,Producer Manufacturing
,Tambun Indah Land Bhd.,TAMBUN,,Finance
,Frontken Corp. Bhd.,FRONTKN,,Electronic Technology
,AYER Holdings Bhd,AYER,,Finance
,SKB Shutters Corp. Bhd.,SKBSHUT,,Producer Manufacturing
,Optimax Holdings Bhd.,OPTIMAX,,Health Services
,Eco World Development Group Bhd.,ECOWLD,,Finance
,N2N Connect Bhd.,N2N,,Technology Services
,Sapura Industrial Bhd.,SAPIND,,Producer Manufacturing
,Harbour-Link Group Bhd.,HARBOUR,,Transportation
,Omesti Bhd.,OMESTI,,Technology Services
,Kinergy Advancement Bhd,KINERGY,,Industrial Services
,Teck Guan Perdana Bhd.,TECGUAN,,Process Industries
,Croesus IT Holdings Berhad,CROESUS,,Technology Services
,ELK-Desa Resources Bhd.,ELKDESA,,Finance
,Oasis Harvest Corporation Bhd,OASIS,,Producer Manufacturing
,Lotus Circular Bhd,LOTUSCIR,,Retail Trade
,JCY International Bhd.,JCY,,Electronic Technology
,Melewar Industrial Group Bhd.,MELEWAR,,Non-Energy Minerals
,Ho Wah Genting Bhd.,HWGB,,Producer Manufacturing
,Jadi Imaging Holdings Bhd.,JADI,,Process Industries
,KPS Consortium Bhd.,KPSCB,,Distribution Services
,Quality Concrete Holdings Bhd.,QUALITY,,Non-Energy Minerals
,Affin Bank Bhd.,AFFIN,,Finance
,Shin Yang Group Bhd,SYGROUP,,Transportation
,AMS Advanced Material Bhd.,AMS,,Distribution Services
,BLD Plantation Bhd.,BLDPLNT,,Process Industries
,Parkson Holdings Bhd.,PARKSON,,Retail Trade
,TPC Plus Bhd.,TPC,,Consumer Non-Durables
,Cheetah Holdings Bhd.,CHEETAH,,Consumer Non-Durables
,Eversafe Rubber Bhd.,ESAFE,,Consumer Durables
,IHH Healthcare Bhd.,IHH,,Health Services
,Evergreen Fibreboard Bhd.,EVERGRN,,Producer Manufacturing
,mTouche Technology Bhd.,MTOUCHE,,Technology Services
,NOVA Technology services berhad,NOVATECH,,Technology Services
,Ge-Shen Corp. Bhd.,GESHEN,,Process Industries
,Innity Corp. Bhd.,INNITY,,Commercial Services
,Oriental Holdings Bhd.,ORIENT,,Retail Trade
,TMK Chemical Bhd,TMK,,Process Industries
,Foundpac Group Bhd.,FPGROUP,,Electronic Technology
,Magma Group Bhd,MAGMA,,Finance
,Pentamaster Corp. Bhd.,PENTA,,Producer Manufacturing
,SAM Engineering & Equipment (M) Bhd,SAM,,Producer Manufacturing
,Federal International Holdings Bhd.,FIHB,,Consumer Durables
,Gabungan AQRS Bhd.,GBGAQRS,,Industrial Services
,Catcha Digital Bhd,CATCHA,,Commercial Services
,Ray Go Solar Holdings Bhd.,RGS,,Industrial Services
,Lac Med Berhad,LACMED,,Distribution Services
,Autoris Group Holdings Bhd,AUTORIS,,Miscellaneous
,Vinvest Capital Holdings Bhd,VINVEST,,Industrial Services
,Sarawak Plantation Bhd.,SWKPLNT,,Process Industries
,Sorento Capital Bhd.,SORENTO,,Finance
,Aneka Jaringan Holdings Bhd,ANEKA,,Industrial Services
,Asia Brands Bhd.,ASIABRN,,Distribution Services
,Eksons Corp. Bhd.,EKSONS,,Finance
,YX Precious Metals Bhd,YXPM,,Consumer Durables
,LKL International Bhd.,LKL,,Health Technology
,Niche Capital Emas Holdings Bhd.,NICE,,Consumer Durables
,MAG Holdings Berhad,MAG,,Process Industries
,Rhone Ma Holdings Bhd.,RHONEMA,,Process Industries
,PT Resources Holdings Bhd.,PTRB,,Consumer Non-Durables
,CC International Bhd.,CCIB,,Commercial Services
,Ecomate Holdings Bhd.,ECOMATE,,Consumer Durables
,Bank Islam Malaysia Bhd.,BIMB,,Finance
,MMAG Holdings Bhd.,MMAG,,Technology Services
,VisDynamics Holdings Bhd.,VIS,,Electronic Technology
,Nova MSC Bhd.,NOVAMSC,,Technology Services
,Kawan Food Bhd.,KAWAN,,Consumer Non-Durables
,Lysaght Galvanized Steel Bhd.,LYSAGHT,,Non-Energy Minerals
,Amlex Holdings Bhd.,AMLEX,,Electronic Technology
,Hengyuan Refining Company Bhd,HENGYUAN,,Energy Minerals
,Wasco Berhad,WASCO,,Non-Energy Minerals
,Mega Fortris Berhad,MEGAFB,,Producer Manufacturing
,PLB Engineering Bhd.,PLB,,Consumer Durables
,Flexidynamic Holdings Bhd,FLEXI,,Producer Manufacturing
,Majuperak Holdings Bhd.,MJPERAK,,Finance
,GDEX Bhd,GDEX,,Transportation
,MK Land Holdings Bhd.,MKLAND,,Finance
,Seal Incorporated Berhad,SEAL,,Finance
,Green Ocean Corp. Bhd.,GOCEAN,,Process Industries
,IFCA MSC Bhd.,IFCAMSC,,Technology Services
,Lee Swee Kiat Group Bhd.,LEESK,,Non-Energy Minerals
,Econpile Holdings Bhd,ECONBHD,,Industrial Services
,Mercury Securities Group Bhd.,MERSEC,,Finance
,KGW Group Bhd,KGW,,Transportation
,YTL Power International Bhd.,YTLPOWR,,Utilities
,Pasdec Holdings Bhd.,PASDEC,,Finance
,AWC Berhad,AWC,,Commercial Services
,Marine & General Bhd,M&G,,Industrial Services
,DRB-Hicom Bhd.,DRBHCOM,,Consumer Durables
,ENRA Group Bhd.,ENRA,,Commercial Services
,Innature bhd,INNATURE,,Retail Trade
,DGB Asia Bhd,DGB,,Consumer Services
,Epicon Bhd,EPICON,,Consumer Services
,Gold Li Holdings Berhad,GOLDLI,,Finance
,Hong Leong Industries Bhd.,HLIND,,Consumer Durables
,Techna-X Bhd.,TECHNAX,,Process Industries
,Teo Guan Lee Corp. Bhd.,TGL,,Consumer Non-Durables
,Tropicana Corp. Bhd.,TROP,,Finance
,Hextar Retail Bhd,HEXRTL,,Consumer Durables
,Solarvest Holdings Bhd,SLVEST,,Industrial Services
,Hiap Teck Venture Bhd.,HIAPTEK,,Distribution Services
,PNE PCB Bhd.,PNEPCB,,Electronic Technology
,Binastra Corporation Berhad,BNASTRA,,Electronic Technology
,EcoFirst Consolidated Bhd,ECOFIRS,,Finance
,Unimech Group Bhd.,UNIMECH,,Producer Manufacturing
,Ancom Logistics Bhd.,ANCOMLB,,Transportation
,Oriental Interest Bhd.,OIB,,Industrial Services
,Tuju Setia Bhd.,TJSETIA,,Industrial Services
,Cypark Resources Bhd.,CYPARK,,Utilities
,RGB International Bhd.,RGB,,Consumer Durables
,KKB Engineering Bhd.,KKB,,Non-Energy Minerals
,China Ouhua Winery Holdings Ltd.,CNOUHUA,,Consumer Non-Durables
,IOI Properties Group Bhd.,IOIPG,,Finance
,Unitrade Industries Bhd,UNITRAD,,Distribution Services
,Multi-Usage Holdings Bhd.,MUH,,Finance
,99 Speed Mart Retail Holdings Bhd,99SMART,,Retail Trade
,Berjaya Property Berhad,BPROP,,Consumer Services
,G Capital Bhd.,GCAP,,Transportation
,Mobilia Holdings Bhd,MOBILIA,,Consumer Durables
,Wong Engineering Corp. Bhd.,WONG,,Producer Manufacturing
,Southern Steel Bhd.,SSTEEL,,Non-Energy Minerals
,Ecoscience International Bhd.,EIB,,Industrial Services
,Inch Kenneth Kajang Rubber Plc,INCKEN,,Consumer Services
,Whitman Holdings Berhad,WHITMAN,,Finance
,DXN Holdings Bhd,DXN,,Health Technology
,Kretam Holdings Bhd.,KRETAM,,Process Industries
,Teo Seng Capital Bhd.,TEOSENG,,Process Industries
,Haily Group Bhd.,HAILY,,Consumer Durables
,Carlo Rino Group Bhd,CARLORINO,,Retail Trade
,LYC Healthcare Bhd.,LYC,,Technology Services
,Titijaya Land Bhd.,TITIJYA,,Finance
,PCCS Group Bhd.,PCCS,,Consumer Non-Durables
,FACB Industries Inc. Bhd.,FACBIND,,Consumer Durables
,Tan Chong Motor Holdings Bhd.,TCHONG,,Consumer Durables
,Sum Technology Berhad,SUM,,Industrial Services
,Eng Kah Corp. Bhd.,ENGKAH,,Consumer Non-Durables
,Systech Bhd.,SYSTECH,,Technology Services
,Skyworld Development Bhd,SKYWLD,,Finance
,Lien Hoe Corp. Bhd.,LIENHOE,,Consumer Services
,Dancomech Holdings Bhd,DANCO,,Distribution Services
,Yong Tai Bhd.,YONGTAI,,Finance
,Evergreen Max Cash Capital Bhd,EMCC,,Retail Trade
,Avangaad Bhd,AVANGAAD,,Transportation
,Efficient E-Solutions Bhd.,EFFICEN,,Technology Services
,MCOM Holdings Berhad,MCOM,,Commercial Services
,DSR Taiko Bhd,DSR,,Process Industries
,Jaya Tiasa Holdings Bhd.,JTIASA,,Non-Energy Minerals
,Nova Wellness Group Bhd.,NOVA,,Health Technology
,One Gasmaster Holdings Berhad,OGM,,Commercial Services
,OM Holdings Ltd.,OMH,,Miscellaneous
,Critical Holdings Bhd.,CHB,,Industrial Services
,Encorp Bhd.,ENCORP,,Finance
,TWL Holdings Bhd,TWL,,Distribution Services
,Kuala Lumpur Kepong Bhd.,KLK,,Process Industries
,Power Root Bhd.,PWROOT,,Consumer Non-Durables
,Mercury Industries Bhd,MERCURY,,Industrial Services
,Widad Group Bhd.,WIDAD,,Consumer Services
,THMY Holdings Berhad,THMY,,Industrial Services
,Tien Wah Press Holdings Bhd.,TIENWAH,,Commercial Services
,Capital A Berhad,CAPITALA,,Transportation
,Hi Mobility Bhd.,HI,,Transportation
,Southern Acids (Malaysia) Bhd.,SAB,,Miscellaneous
,Total Dynamic Holdings Bhd,DYNAMIC,,Electronic Technology
,Adnex Group Berhad,ADNEX,,Commercial Services
,Prestar Resources Bhd.,PRESTAR,,Producer Manufacturing
,PMCK Berhad,PMCK,,Health Services
,Seng Fong Holdings Bhd,SENFONG,,Producer Manufacturing
,BV Land Holdings Bhd.,BVLH,,Consumer Durables
,Melati Ehsan Holdings Bhd.,MELATI,,Industrial Services
,AIMAX Berhad,AIMAX,,Distribution Services
,Genting Bhd.,GENTING,,Consumer Services
,ABM Fujiya Bhd.,AFUJIYA,,Consumer Durables
,UPA Corporation Bhd.,UPA,,Process Industries
,Eversendai Corp Bhd.,SENDAI,,Industrial Services
,Manulife Holdings Bhd.,MANULFE,,Finance
,PeterLabs Holdings Bhd.,PLABS,,Process Industries
,Kelington Group Bhd.,KGB,,Industrial Services
,Heineken Malaysia Bhd.,HEIM,,Consumer Non-Durables
,Microlink Solutions Bhd.,MICROLN,,Distribution Services
,Toyo Ventures Holdings Bhd.,TOYOVEN,,Process Industries
,MCE Holdings Bhd.,MCEHLDG,,Producer Manufacturing
,Matrix Parking Solution Holdings Bhd,MPSOL,,Consumer Services
,Berjaya Assets Bhd.,BJASSET,,Consumer Services
,Jati Tinggi Group Bhd,JTGROUP,,Industrial Services
,Bina Puri Holdings Bhd.,BPURI,,Industrial Services
,Zhulian Corporation Bhd.,ZHULIAN,,Producer Manufacturing
,Eurospan Holdings Bhd.,EUROSP,,Consumer Durables
,United Malacca Bhd.,UMCCA,,Process Industries
,Eckem Holdings Berhad,ECKEM,,Process Industries
,Mycron Steel Bhd.,MYCRON,,Non-Energy Minerals
,Cropmate Bhd.,CRPMATE,,Process Industries
,Ni Hsin Group Bhd,NIHSIN,,Consumer Durables
,K-One Technology Bhd.,K1,,Electronic Technology
,Asian Pac Holdings Bhd.,ASIAPAC,,Finance
,Harvest Miracle Capital Bhd,HM,,Technology Services
,Poh Huat Resources Holdings Bhd.,POHUAT,,Producer Manufacturing
,Trive Property Group Bhd.,TRIVE,,Electronic Technology
,AE Multi Holdings Bhd.,AEM,,Electronic Technology
,Iskandar Waterfront City Berhad,IWCITY,,Industrial Services
,TIME dotCom Bhd.,TIMECOM,,Technology Services
,Focus Lumber Bhd.,FLBHD,,Producer Manufacturing
,Aldrich Resources Bhd,ALRICH,,Commercial Services
,OCR Group Bhd,OCR,,Finance
,Fraser & Neave Holdings Bhd.,F&N,,Consumer Non-Durables
,Lii Hen Industries Bhd.,LIIHEN,,Consumer Durables
,SDS Group Bhd.,SDS,,Consumer Non-Durables
,Infoline Tec Group Bhd,INFOTEC,,Technology Services
,Sycal Ventures Berhad,SYCAL,,Non-Energy Minerals
,Kanger International Bhd.,KANGER,,Producer Manufacturing
,Grand Central Enterprises Bhd.,GCE,,Consumer Services
,One Glove Group Bhd,ONEGLOVE,,Health Technology
,Sime Darby Bhd.,SIME,,Distribution Services
,Hextar Industries Bhd,HEXIND,,Producer Manufacturing
,MUI Properties Bhd.,MUIPROP,,Finance
,Pekat Group Bhd,PEKAT,,Producer Manufacturing
,Master-Pack Group Bhd.,MASTER,,Process Industries
,Public Packages Holdings Bhd.,PPHB,,Process Industries
,JS Solar Holding Bhd,JSSOLAR,,Industrial Services
,Leon Fuat Bhd.,LEONFB,,Non-Energy Minerals
,Sarawak Consolidated Industries Bhd.,SCIB,,Non-Energy Minerals
,CME Group Bhd.,CME,,Consumer Durables
,HeveaBoard Bhd.,HEVEA,,Producer Manufacturing
,Knusford Bhd.,KNUSFOR,,Industrial Services
,Techbond Group Bhd.,TECHBND,,Process Industries
,DPI Holdings Bhd.,DPIH,,Process Industries
,Pavilion Real Estate Investment Trust,PAVREIT,,Finance
,Aurora Italia International Bhd.,AURORA,,Consumer Durables
,Mesiniaga Bhd.,MSNIAGA,,Technology Services
,Innoprise Plantations Bhd.,INNO,,Process Industries
,Lianson Fleet Group Bhd,LFG,,Industrial Services
,Paragon Globe Berhad,PGLOBE,,Finance
,Dagang NeXchange Berhad,DNEX,,Technology Services
,Pestec International Berhad,PESTEC,,Industrial Services
,Sapura Resources Bhd.,SAPRES,,Finance
,UCI Resources Bhd.,UTAMA,,Non-Energy Minerals
,Tong Herr Resources Bhd.,TONGHER,,Producer Manufacturing
,Sungei Bagan Rubber Co. (Malaya) Bhd.,SBAGAN,,Process Industries
,Three-A Resources Bhd.,3A,,Consumer Non-Durables
,CAM Resources Bhd.,CAMRES,,Process Industries
,Tiong Nam Logistics Holdings Bhd.,TNLOGIS,,Transportation
,SD Guthrie Bhd,SDG,,Process Industries
,OB Holdings Bhd,OBHB,,Commercial Services
,Artroniq Bhd.,ARTRONIQ,,Distribution Services
,Sunmow Holding Bhd Cum-Red Non Conv Pref Registered Shs 2024,SUNMOW-PA,,Industrial Services
,Formosa Prosonic Industries Bhd.,FPI,,Producer Manufacturing
,UOA Development Bhd.,UOADEV,,Finance
,Pensonic Holdings Bhd.,PENSONI,,Consumer Durables
,TCS Group Holdings Bhd,TCS,,Consumer Durables
,Swift Energy Technology Bhd.,SET,,Distribution Services
,D&O Green Technologies Bhd.,D&O,,Electronic Technology
,V.S. Industry Bhd.,VS,,Producer Manufacturing
,Tek Seng Holdings Bhd.,TEKSENG,,Process Industries
,ARK Resources Holdings Bhd.,ARK,,Industrial Services
,Richtech Digital Berhad,RTECH,,Technology Services
,Winstar Capital Bhd.,WINSTAR,,Non-Energy Minerals
,Solution Group Bhd,SOLUTN,,Producer Manufacturing
,Azam Jaya Bhd,AZAMJAYA,,Industrial Services
,MM Computer Systems Berhad,MMCS,,Technology Services
,Samaiden Group Bhd,SAMAIDEN,,Electronic Technology
,Solid Automotive Bhd.,SOLID,,Distribution Services
,WTEC GROUP BHD,WTEC,,Process Industries
,EquitiesTracker Holdings Bhd.,ETH,,Technology Services
,Steel Hawk Bhd.,HAWK,,Energy Minerals
,B.I.G. Industries Bhd.,BIG,,Process Industries
,Alam Maritim Resources Bhd.,ALAM,,Industrial Services
,Eco-Shop Marketing Berhad,ECOSHOP,,Retail Trade
,Notion VTec Bhd.,NOTION,,Producer Manufacturing
,DC Healthcare Holdings Bhd,DCHCARE,,Health Services
,BIMOffice Group Bhd.,BIMOFFICE,,Technology Services
,Advancecon Holdings Bhd.,ADVCON,,Industrial Services
,Media Chinese International Ltd,MEDIAC,,Consumer Services
,SHH Resources Holdings Bhd.,SHH,,Consumer Durables
,Y.S.P. Southeast Asia Holding Bhd.,YSPSAH,,Health Technology
,BSL Corporation Berhad,BSLCORP,,Producer Manufacturing
,Mah Sing Group Bhd.,MAHSING,,Finance
,Samchem Holdings Bhd.,SAMCHEM,,Distribution Services
,MyAxis Group Bhd.,MYAXIS,,Consumer Non-Durables
,Wellcall Holdings Bhd.,WELLCAL,,Producer Manufacturing
,Sunway Healthcare Holdings Berhad,SUNMED,,Health Services
,Star Media Group Berhad,STAR,,Consumer Services
,MBM Resources Bhd.,MBMR,,Retail Trade
,Versatile Creative Bhd.,VERSATL,,Process Industries
,Leform Bhd,LEFORM,,Non-Energy Minerals
,Radium Development Bhd,RADIUM,,Finance
,Key Alliance Group Berhad,KGROUP,,Consumer Durables
,Adventa Bhd.,ADVENTA,,Distribution Services
,Orkim Bhd,ORKIM,,Transportation
,Homeritz Corp. Bhd.,HOMERIZ,,Consumer Durables
,Golden Pharos Bhd.,GPHAROS,,Producer Manufacturing
,Midtown Group Berhad,MIDTOWN,,Producer Manufacturing
,Engtex Group Bhd.,ENGTEX,,Producer Manufacturing
,P.A. Resources Berhad,PA,,Non-Energy Minerals
,Chin Teck Plantations Bhd.,CHINTEK,,Process Industries
,CB Industrial Product Holding Bhd.,CBIP,,Producer Manufacturing
,Well Chip Group Bhd.,WELLCHIP,,Retail Trade
,Mestron Holdings Bhd.,MESTRON,,Producer Manufacturing
,Al-Salam Real Estate Investment Trust,ALSREIT,,Finance
,Boustead Heavy Industries Corporation Bhd.,BHIC,,Producer Manufacturing
,Pan Malaysia Corp. Bhd.,PMCORP,,Consumer Non-Durables
,Vsolar Group Bhd.,VSOLAR,,Technology Services
,Cepatwawasan Group Bhd.,CEPAT,,Process Industries
,Tomei Consolidated Bhd.,TOMEI,,Consumer Durables
,Fibon Bhd.,FIBON,,Process Industries
,Pineapple Resources Bhd.,PINEAPP,,Distribution Services
,YB Ventures Bhd.,YB,,Producer Manufacturing
,PLYTEC Holding Berhad,PLYTEC,,Distribution Services
,Sern Kou Resources Bhd.,SERNKOU,,Consumer Durables
,Malayan Banking Bhd.,MAYBANK,,Finance
,Rapid Synergy Bhd.,RAPID,,Finance
,Genting Plantations Bhd.,GENP,,Process Industries
,Karyon Industries Bhd.,KARYON,,Process Industries
,Menang Corporation (M) Berhad,MENANG,,Industrial Services
,Parlo Bhd,PARLO,,Consumer Services
,Ideal Capital Berhad,IDEAL,,Finance
,Bentley Music Group Berhad,BENTLEY,,Distribution Services
,Hextar Technologies Solutions Berhad.,HEXTECH,,Distribution Services
,Selangor Dredging Bhd.,SDRED,,Finance
,Sunway Bhd.,SUNWAY,,Industrial Services
,SSF Home Group Bhd,SSF,,Retail Trade
,Wellspire Holdings Bhd.,WELLS,,Distribution Services
,OGX Group Berhad,OGX,,Technology Services
,T7 Global Berhad,T7GLOBAL,,Industrial Services
,Xin Hwa Holdings Bhd.,XINHWA,,Transportation
,OKA Corporation Bhd.,OKA,,Non-Energy Minerals
,Capitaland Malaysia Trust,CLMT,,Finance
,Ralco Corp. Bhd.,RALCO,,Process Industries
,Atlan Holdings Bhd.,ATLAN,,Commercial Services
,FCW Holdings Bhd.,FCW,,Consumer Non-Durables
,SL Innovation Capital Bhd.,SLIC,,Technology Services
,GIIB Holdings Bhd,GIIB,,Producer Manufacturing
,HE Group Bhd,HEGROUP,,Producer Manufacturing
,Insas Bhd.,INSAS,,Technology Services
,XiDeLang Holdings Ltd.,XDL,,Consumer Non-Durables
,Saliran Group Bhd,SALIRAN,,Distribution Services
,UCrest Bhd,UCREST,,Technology Services
,LFE Corporation Bhd,LFECORP,,Industrial Services
,Hap Seng Plantations Holdings Bhd.,HSPLANT,,Process Industries
,Only World Group Holdings Bhd.,OWG,,Consumer Services
,Cosmos Technology International Bhd,COSMOS,,Producer Manufacturing
,Tex Cycle Technology (M) Bhd.,TEXCYCL,,Industrial Services
,Bright Packaging Industry Bhd.,BRIGHT,,Process Industries
,Smile-Link Healthcare Global Bhd.,SMILE,,Health Services
,Chuan Huat Resources Bhd.,CHUAN,,Distribution Services
,Pecca Group Bhd.,PECCA,,Process Industries
,Mikro MSC Bhd.,MIKROMB,,Electronic Technology
,Alcom Group Bhd.,ALCOM,,Non-Energy Minerals
,Atrium Real Estate Investment Trust,ATRIUM,,Finance
,BUS Cap Berhad,BUSCAP,,Producer Manufacturing
,Unique Fire Holdings Bhd,UNIQUE,,Producer Manufacturing
,Subur Tiasa Holdings Bhd.,SUBUR,,Non-Energy Minerals
,Sik Cheong Berhad,SCB,,Commercial Services
,Gamuda Bhd.,GAMUDA,,Industrial Services
,Hydropipes Bhd.,HPI,,Producer Manufacturing
,Yenher Holdings Bhd.,YENHER,,Process Industries
,Asia File Corporation Bhd.,ASIAFLE,,Process Industries
,Acme Holdings Bhd,ACME,,Finance
,Minho (Malaysia) Bhd.,MINHO,,Non-Energy Minerals
,Handal Energy Bhd.,HANDAL,,Industrial Services
,Ken Holdings Bhd.,KEN,,Industrial Services
,Gromutual Bhd.,GMUTUAL,,Finance
,Brite-Tech Bhd.,BTECH,,Industrial Services
,Telekom Malaysia Bhd.,TM,,Communications
,TFP Solutions Bhd.,TFP,,Commercial Services
,Lambo Group Bhd.,LAMBO,,Distribution Services
,Daythree Digital Bhd,DAY3,,Commercial Services
,Sime Darby Property Bhd.,SIMEPROP,,Finance
,YTL Hospitality REIT,YTLREIT,,Finance
,Senheng New Retail Berhad,SENHENG,,Retail Trade
,HIL Industries Bhd.,HIL,,Producer Manufacturing
,PGF Capital Bhd,PGF,,Non-Energy Minerals
,AVALAND Bhd,AVALAND,,Finance
,Jishan Bhd.,JISHAN,,Process Industries
,Chin Hin Group Property Bhd.,CHGP,,Consumer Durables
,PEOPLElogy Bhd,PEOPLE,,Technology Services
,HB Global Ltd.,HBGLOB,,Consumer Non-Durables
,Symphony Life Bhd.,SYMLIFE,,Finance
,Novelplus Technology Bhd,NP,,Technology Services
,MClean Technologies Bhd.,MCLEAN,,Commercial Services
,Analabs Resources Bhd.,ANALABS,,Process Industries
,SCC Holdings Bhd.,SCC,,Distribution Services
,Golden Land Bhd.,GLBHD,,Finance
,Radiant Globaltech Bhd.,RGTECH,,Technology Services
,Petra Energy Bhd.,PENERGY,,Industrial Services
,OpenSys (M) Bhd.,OPENSYS,,Technology Services
,Permaju Industries Bhd.,PERMAJU,,Retail Trade
,Nextgreen Global Bhd,NGGB,,Finance
,TAS Offshore Bhd.,TAS,,Producer Manufacturing
,Express Powerr Solutions (M) Berhad,XPB,,Miscellaneous
,Vestland Bhd,VLB,,Industrial Services
,Scientex Bhd.,SCIENTX,,Process Industries
,SBS Nexus Bhd.,SBS,,Commercial Services
,Komarkcorp Bhd.,KOMARK,,Commercial Services
,Bina Darulaman Bhd.,BDB,,Industrial Services
,Greatech Technology Bhd.,GREATEC,,Producer Manufacturing
,GPP Resources Bhd.,GPP,,Process Industries
,Erdasan Group Bhd,ERDASAN,,Producer Manufacturing
,APM Automotive Holdings Bhd.,APM,,Producer Manufacturing
,Woodlandor Holdings Bhd.,WOODLAN,,Non-Energy Minerals
,Salutica Bhd.,SALUTE,,Electronic Technology
,Seni Jaya Corp. Bhd.,SJC,,Commercial Services
,BM GreenTech Bhd,BMGREEN,,Producer Manufacturing
,SHL Consolidated Bhd.,SHL,,Finance
,Metro Healthcare Bhd.,METRO,,Health Services
,Swift Haulage Berhad,SWIFT,,Transportation
,Kia Lim Bhd.,KIALIM,,Non-Energy Minerals
,Hong Leong Capital Bhd.,HLCAP,,Finance
,UMS Holdings Bhd.,UMS,,Distribution Services
,TDM Bhd.,TDM,,Process Industries
,Amway (Malaysia) Holdings Bhd.,AMWAY,,Retail Trade
,Axis Real Estate Investment Trust,AXREIT,,Finance
,Dominant Enterprise Bhd.,DOMINAN,,Non-Energy Minerals
,Pharmaniaga Bhd.,PHARMA,,Distribution Services
,Pintaras Jaya Bhd.,PTARAS,,Industrial Services
,KSL Holdings Bhd.,KSL,,Finance
,Topmix Bhd,TOPMIX,,Producer Manufacturing
,Bintai Kinden Corp. Bhd.,BINTAI,,Industrial Services
,Supreme Consolidated Resources Bhd,SUPREME,,Distribution Services
,Kobay Technology Bhd.,KOBAY,,Producer Manufacturing
,Sersol Bhd.,SERSOL,,Process Industries
,EA Holdings Bhd.,EAH,,Commercial Services
,Velesto Energy Bhd.,VELESTO,,Industrial Services
,GO Hub Capital Berhad,GOHUB,,Technology Services
,UMS Integration Limited,UMSINT,,Electronic Technology
,Elridge Energy Holdings Berhad,ELRIDGE,,Process Industries
,Khind Holdings Bhd.,KHIND,,Consumer Durables
,Asia Poly Holdings Bhd.,ASIAPLY,,Producer Manufacturing
,Gopeng Bhd.,GOPENG,,Process Industries
,Pacific & Orient Bhd.,P&O,,Finance
,Kim Hin Industry Bhd.,KIMHIN,,Producer Manufacturing
,Seremban Engineering Bhd.,SEB,,Producer Manufacturing
,Bioalpha Holdings Bhd.,BIOHLDG,,Health Technology
,SC Estate Builder Bhd.,SCBUILD,,Industrial Services
,CPE Technology Bhd,CPETECH,,Producer Manufacturing
,AGX Group Bhd.,AGX,,Transportation
,Dialog Group Bhd.,DIALOG,,Industrial Services
,Vitrox Corp. Bhd.,VITROX,,Electronic Technology
,Magna Prima Bhd.,MAGNA,,Finance
,MTAG Group Berhad,MTAG,,Commercial Services
,IGB Real Estate Investment Trust,IGBREIT,,Finance
,XOX NETWORKS BERHAD,XOXNET,,Consumer Services
,Carlsberg Brewery Malaysia Bhd.,CARLSBG,,Consumer Non-Durables
,EI Power Berhad,EIPOWER,,Industrial Services
,Snowfit Group Bhd,SNOWFIT,,Retail Trade
,MHC Plantations Bhd.,MHC,,Process Industries
,MTT Shipping & Logistics Bhd.,MTTSL,,Transportation
,AME Real Estate Investment Trust,AMEREIT,,Finance
,Plenitude Bhd.,PLENITU,,Finance
,Thriven Global Bhd.,THRIVEN,,Finance
,Oceancash Pacific Bhd.,OCNCASH,,Process Industries
,JKG Land Bhd.,JKGLAND,,Finance
,FSBM Holdings Bhd.,FSBM,,Technology Services
,Gas Malaysia Bhd.,GASMSIA,,Utilities
,Press Metal Aluminium Holdings Berhad,PMETAL,,Producer Manufacturing
,IDB Technologies Bhd,IDBTECH,,Technology Services
,HPP Holdings Bhd,HPPHB,,Process Industries
,ARKA Bhd,ARKA,,Commercial Services
,Hextar Global Bhd.,HEXTAR,,Process Industries
,TECHSTORE BERHAD,TECHSTORE,,Electronic Technology
,RNG Tech Berhad,RESTNGO,,Consumer Services
,Cuckoo International (Mal) Bhd,CKI,,Consumer Durables
,ASM Automation Group Berhad,ASM,,Producer Manufacturing
,Jiankun International Bhd,JIANKUN,,Process Industries
,MNRB Holdings Bhd.,MNRB,,Finance
,Malaysia Steel Works (KL) Bhd.,MASTEEL,,Non-Energy Minerals
,Revenue Group Bhd.,REVENUE,,Electronic Technology
,Cnergenz Bhd.,CNERGEN,,Electronic Technology
,PUC Bhd,PUC,,Commercial Services
,Topvision Eye Specialist Bhd,TOPVISN,,Health Services
,Manforce Group Bhd.,MFGROUP,,Commercial Services
,CTOS Digital Bhd,CTOS,,Commercial Services
,Wentel Engineering Holdings Bhd.,WENTEL,,Producer Manufacturing
,IGB Bhd.,IGBB,,Finance
,ACO Group Bhd,ACO,,Distribution Services
,IRIS Corp. Bhd.,IRIS,,Electronic Technology
,Perdana Petroleum Bhd.,PERDANA,,Transportation
,Farmiera Bhd.,FAMIERA,,Process Industries
,MBSB Bhd,MBSB,,Finance
,Kim Loong Resources Bhd.,KMLOONG,,Process Industries
,Skygate Solutions Bhd,SKYGATE,,Finance
,Mulpha International Bhd.,MULPHA,,Consumer Services
,Tenaga Nasional Bhd,TENAGA,,Utilities
,AirAsia Group Bhd.,AAGB,,Transportation
,Hextar Capital Bhd,HEXCAP,,Producer Manufacturing
,Seers Bhd.,SEERS,,Producer Manufacturing
,TASCO Bhd,TASCO,,Transportation
,APB Resources Bhd.,APB,,Producer Manufacturing
,Eduspec Holdings Bhd.,EDUSPEC,,Consumer Services
,Destini Bhd.,DESTINI,,Producer Manufacturing
,Leader Steel Holdings Bhd.,LSTEEL,,Non-Energy Minerals
,Cuscapi Bhd.,CUSCAPI,,Commercial Services
,Sedania Innovator Bhd.,SEDANIA,,Communications
,Malayan Cement Bhd,MCEMENT,,Non-Energy Minerals
,DPS Resources Bhd.,DPS,,Finance
,TSH Resources Bhd.,TSH,,Non-Energy Minerals
,Astral Asia Bhd.,AASIA,,Process Industries
,Straits Energy Resources Bhd,STRAITS,,Distribution Services
,Luxchem Corp. Bhd.,LUXCHEM,,Distribution Services
,Far East Holdings Bhd.,FAREAST,,Process Industries
,JAKS Resources Bhd.,JAKS,,Industrial Services
,AmFIRST Real Estate Investment Trust,AMFIRST,,Finance
,Greater Bay Holdings Bhd,GBAY,,Process Industries
,Glostrext Bhd,GLXT,,Industrial Services
,Magnum Berhad,MAGNUM,,Consumer Services
,Axiata Group Bhd.,AXIATA,,Communications
,Maxland Bhd,MAXLAND,,Non-Energy Minerals
,Johan Holdings Bhd.,JOHAN,,Finance
,Muda Holdings Bhd.,MUDA,,Process Industries
,Foodie Media Berhad,FOODIE,,Commercial Services
,Keyfield International Berhad,KEYFIELD,,Miscellaneous
,Cape EMS Bhd,CEB,,Electronic Technology
,Hextar Healthcare Bhd,HEXCARE,,Producer Manufacturing
,Enproserve Group Bhd.,ENPRO,,Consumer Services
,3Ren Bhd,3REN,,Producer Manufacturing
,PPB Group Bhd.,PPB,,Process Industries
,Paragon Union Bhd.,PARAGON,,Producer Manufacturing
,Farlim Group (Malaysia) Bhd.,FARLIM,,Finance
,Pappajack Bhd,PPJACK,,Finance
,KESM Industries Bhd.,KESM,,Commercial Services
,Insights Analytics Berhad,IAB,,Technology Services
,MAYU GLOBAL GROUP Bhd,MAYU,,Consumer Durables
,SBH Marine Holdings Bhd.,SBH,,Consumer Non-Durables
,5E Resources Holdings Berhad,5ER,,Industrial Services
,Apex Equity Holdings Bhd.,APEX,,Finance
,Olympia Industries Bhd.,OLYMPIA,,Consumer Services
,See Hup Consolidated Bhd.,SEEHUP,,Transportation
,Hock Soon Capital Bhd.,HOCKSOON,,Process Industries
,Dataprep Holdings Bhd.,DATAPRP,,Technology Services
,Suria Capital Holdings Bhd.,SURIA,,Transportation
,Pantech Group Holdings Bhd.,PANTECH,,Non-Energy Minerals
,Ingenieur Gudang Bhd,INGENIEU,,Industrial Services
,Mieco Berhad,MIECO,,Non-Energy Minerals
,Hap Seng Consolidated Bhd.,HAPSENG,,Process Industries
,Berjaya Corp. Bhd.,BJCORP,,Consumer Services
,Zantat Holdings Bhd.,ZANTAT,,Process Industries
,MQ Technology Bhd.,MQTECH,,Producer Manufacturing
,Skyechip Berhad,SKYECHIP,,Electronic Technology
,DutaLand Bhd.,DUTALND,,Process Industries
,Orgabio Holdings Bhd.,ORGABIO,,Consumer Non-Durables
,MST Golf Group Bhd,MSTGOLF,,Retail Trade
,VSTECS Bhd.,VSTECS,,Technology Services
,Maxim Global Bhd.,MAXIM,,Non-Energy Minerals
,TRC Synergy Bhd.,TRC,,Industrial Services
,IQ Group Holdings Bhd.,IQGROUP,,Electronic Technology
,MR. D.I.Y. Group (M) Bhd.,MRDIY,,Distribution Services
,Progressive Impact Corp. Bhd.,PICORP,,Commercial Services
,Salcon Bhd.,SALCON,,Distribution Services
,Tri-Mode System (M) Bhd.,TRIMODE,,Transportation
,EPB Group Berhad,EPB,,Producer Manufacturing
,Lion Posim Bhd.,LIONPSIM,,Non-Energy Minerals
,Fast Energy Holdings Bhd,FAST,,Transportation
,Jasa Kita Bhd.,JASKITA,,Distribution Services
,KTI Landmark Bhd.,KTI,,Finance
,Kimlun Corp. Bhd.,KIMLUN,,Industrial Services
,KHPT Holdings Bhd,KHB,,Producer Manufacturing
,CN Asia Corporation Bhd.,CNASIA,,Producer Manufacturing
,Fibromat (M) Bhd.,FIBRO,,Process Industries
,Coastal Contracts Bhd.,COASTAL,,Producer Manufacturing
,Eastern & Oriental Bhd.,E&O,,Finance
,Reservoir Link Energy Bhd,RL,,Industrial Services
,Karex Bhd.,KAREX,,Producer Manufacturing
,BEDI Berhad,BEDI,,Finance
,CHEEDING Holdings Bhd,CHEEDING,,Industrial Services
,Ancom Nylex Bhd,ANCOMNY,,Process Industries
,VETECE Holdings Berhad,VTC,,Technology Services
,British American Tobacco Malaysia Bhd.,BAT,,Consumer Non-Durables
,Sin-Kung Logistics Bhd.,SINKUNG,,Transportation
,Magni-Tech Industries Bhd.,MAGNI,,Consumer Non-Durables
,AYS Ventures Bhd.,AYS,,Distribution Services
,Southern Score Builders Bhd.,SSB8,,Technology Services
,Taliworks Corp. Bhd.,TALIWRK,,Utilities
,Icents Group Holdings Berhad,ICENTS,,Commercial Services
,Oxford Innotech Bhd.,OXB,,Producer Manufacturing
,LBI Capital Bhd.,LBICAP,,Finance
,Econframe Bhd,EFRAME,,Producer Manufacturing
,AbleGroup Bhd.,ABLEGRP,,Non-Energy Minerals
,KYM Holdings Bhd.,KYM,,Process Industries
,SRKK AI Berhad,SRKKAI,,Technology Services
,Kee Ming Group Berhad,KEEMING,,Industrial Services
,Apollo Food Holdings Bhd.,APOLLO,,Consumer Non-Durables
,Polymer Link Holdings Bhd,POLYMER,,Miscellaneous
,PDZ Holdings Bhd.,PDZ,,Transportation
,MYMBN Bhd,MBN,,Process Industries
,YNH Property Bhd.,YNHPROP,,Finance
,Wasco Greenergy Berhad,GENERGY,,Miscellaneous
,Superlon Holdings Bhd.,SUPERLN,,Process Industries
,Malaysia Smelting Corp. Bhd.,MSC,,Producer Manufacturing
,ES Sunlogy Berhad,SUNLOGY,,Industrial Services
,Ekovest Bhd.,EKOVEST,,Industrial Services
,JHM Consolidation Bhd.,JHM,,Electronic Technology
,CIMB Group Holdings Bhd,CIMB,,Finance
,Euro Holdings Bhd.,EURO,,Consumer Durables
,PLS Plantations Bhd.,PLS,,Industrial Services
,Genetec Technology Bhd.,GENETEC,,Producer Manufacturing
,Txcd Bhd,TXCD,,Industrial Services
,Computer Forms (Malaysia) Bhd.,CFM,,Commercial Services
,Bertam Alliance Bhd.,BERTAM,,Consumer Durables
,UMS-Neiken Group Bhd.,UMSNGB,,Producer Manufacturing
,Verdant Solar Holdings Bhd.,VERDANT,,Industrial Services
,HLT Global Bhd.,HLT,,Consumer Non-Durables
,Malakoff Corporation Bhd,MALAKOF,,Utilities
,Ann Joo Resources Bhd.,ANNJOO,,Producer Manufacturing
,Seacera Group Bhd.,SEACERA,,Producer Manufacturing
,TA Win Holdings Bhd.,TAWIN,,Non-Energy Minerals
,Autocount Dotcom Bhd,ADB,,Technology Services
,Perusahaan Sadur Timah Malaysia (Perstima) Bhd.,PERSTIM,,Non-Energy Minerals
,Wang-Zheng Bhd.,WANGZNG,,Process Industries
,Perak Corp. Bhd.,PRKCORP,,Transportation
,Al-'Aqar Healthcare REIT,ALAQAR,,Finance
,Kim Teck Cheong Consolidated Bhd.,KTC,,Transportation
,PJBUMI BERHAD,PJBUMI,,Finance
,Northeast Group Bhd,NE,,Producer Manufacturing
,Teladan Group Bhd,TELADAN,,Finance
,SLP Resources Bhd.,SLP,,Producer Manufacturing
,Asdion Bhd.,ASDION,,Transportation
,Maybulk Bhd,MAYBULK,,Transportation
,Yew Lee Pacific Group Bhd.,YEWLEE,,Producer Manufacturing
,Cengild Medical Bhd.,CENGILD,,Health Services
,Kumpulan Perangsang Selangor Bhd.,KPS,,Utilities
,TP Tec Holding Bhd.,TPTEC,,Distribution Services
,Media Prima Bhd.,MEDIA,,Consumer Services
,Rivertree STF Synergies Berhad,RSSB,,Process Industries
,Turiya Bhd.,TURIYA,,Electronic Technology
,Bumi Armada Bhd.,ARMADA,,Industrial Services
,Zen Tech International Bhd,ZENTECH,,Producer Manufacturing
,Negri Sembilan Oil Palms Bhd.,NSOP,,Process Industries
,Alliance Bank Malaysia Bhd.,ABMB,,Finance
,PWF Corp. Bhd.,PWF,,Process Industries
,Kotra Industries Bhd.,KOTRA,,Health Technology
,Nexgram Holdings Berhad,NEXGRAM,,Distribution Services
,Kawan Renergy Bhd.,KENERGY,,Industrial Services
,AppAsia Bhd,APPASIA,,Technology Services
,BP Plastics Holding Bhd.,BPPLAS,,Process Industries
,Parkwood Holdings Bhd.,PARKWD,,Finance
,Crescendo Corp. Bhd.,CRESNDO,,Finance
,BTM Resources Bhd.,BTM,,Non-Energy Minerals
,Agmo Holdings Bhd.,AGMO,,Technology Services
,Liftech Group Berhad,LIFTECH,,Producer Manufacturing
,Scope Industries Bhd.,SCOPE,,Electronic Technology
,Metrod Holdings Bhd.,METROD,,Producer Manufacturing
,Kossan Rubber Industries Bhd.,KOSSAN,,Producer Manufacturing
,Talam Transform Berhad,TALAMT,,Finance
,Milolo Berhad,MILOLO,,Commercial Services
,Willowglen MSC Bhd.,WILLOW,,Electronic Technology
,SMIS Corp. Bhd.,SMISCOR,,Producer Manufacturing
,NEXG Bhd,NEXG,,Electronic Technology
,Pos Malaysia Bhd.,POS,,Transportation
,ECM Libra Group Bhd.,ECM,,Consumer Services
,Ornapaper Bhd.,ORNA,,Process Industries
,Bursa Malaysia Bhd.,BURSA,,Finance
,Matang Bhd.,MATANG,,Process Industries
,Compugates Holdings Bhd.,COMPUGT,,Distribution Services
,New Hoong Fatt Holdings Bhd.,NHFATT,,Producer Manufacturing
,UOA Real Estate Investment Trust,UOAREIT,,Finance
,Allianz Malaysia Bhd.,ALLIANZ,,Miscellaneous
,Rohas Tecnic Bhd.,ROHAS,,Producer Manufacturing
,AMMB Holdings Bhd.,AMBANK,,Finance
,Spring Art Holdings Bhd,SPRING,,Consumer Durables
,KLCC Property Holdings Bhd.,KLCC,,Finance
,REDtone Digital Berhad,REDTONE,,Communications
,YGL Convergence Bhd.,YGL,,Technology Services
,Carimin Petroleum Bhd,CARIMIN,,Industrial Services
,ECA Integrated Solution Bhd,ECA,,Electronic Technology
,YBS International Bhd.,YBS,,Producer Manufacturing
,Rhong Khen International Bhd,RKI,,Consumer Durables
,NCT Alliance Bhd,NCT,,Finance
,BCM Alliance Bhd.,BCMALL,,Consumer Durables
,DKLS Industries Bhd.,DKLS,,Non-Energy Minerals
,Deleum Bhd.,DELEUM,,Distribution Services
,OSK Ventures International Bhd.,OSKVI,,Miscellaneous
,Sarawak Oil Palms Bhd.,SOP,,Process Industries
,MMIS Bhd.,MMIS,,Producer Manufacturing
,AmanahRaya Real Estate Investment Trust,ARREIT,,Finance
,Scanwolf Corp. Bhd.,SCNWOLF,,Consumer Durables
,Propel Global Bhd.,PGB,,Industrial Services
,Baba Eco Group Bhd,BABA,,Producer Manufacturing
,Esthetics International Group Bhd.,EIG,,Consumer Services
,Astro Malaysia Holdings Bhd.,ASTRO,,Consumer Services
,RCE Capital Bhd.,RCECAP,,Finance
,Cyberjaya Education Group Bhd,CYBERE,,Consumer Services
,Oasis Home Holding Bhd,OHM,,Technology Services
,UWC Bhd.,UWC,,Producer Manufacturing
,MMM Group Berhad,MMM,,Commercial Services
,Emico Holdings Bhd.,EMICO,,Producer Manufacturing
,Oriental Kopi Holdings Bhd.,KOPI,,Consumer Services
,Duopharma Biotech Bhd.,DPHARMA,,Health Technology
,P.I.E. Industrial Bhd.,PIE,,Electronic Technology
,Turbo-Mech Bhd.,TURBO,,Distribution Services
,Cabnet Holdings Bhd.,CABNET,,Industrial Services
,Benalec Holdings Bhd.,BENALEC,,Industrial Services
,Sunview Group Bhd,SUNVIEW,,Industrial Services
,Nationgate Holdings Berhad,NATGATE,,Electronic Technology
,Sumisaujana Group Berhad,SUMI,,Miscellaneous
,Mega First Corp. Bhd.,MFCB,,Utilities
,Inspace Creation Berhad,INSPACE,,Commercial Services
,Openmove AI Berhad,OMAI,,Technology Services
,Nestcon Bhd,NESTCON,,Consumer Durables
,Astramina Group Bhd.,ASTRA,,Consumer Non-Durables
,JF Technology Bhd.,JFTECH,,Electronic Technology
,Vantris Energy Bhd,VANTNRG,,Industrial Services
,Panasonic Manufacturing Malaysia Bhd.,PANAMY,,Consumer Durables
,Aquawalk Group Bhd.,AQUAWALK,,Consumer Services
,Naim Holdings Bhd.,NAIM,,Industrial Services
,Synergy House Bhd,SYNERGY,,Consumer Durables
,SBC Corporation Berhad,SBCCORP,,Finance
,PMB Technology Bhd.,PMBTECH,,Producer Manufacturing
,NexG Bina Berhad,NEXGBINA,,Consumer Non-Durables
,WCE Holdings Berhad,WCEHB,,Producer Manufacturing
,A-Rank Bhd.,ARANK,,Non-Energy Minerals
,Timberwell Bhd.,TIMWELL,,Non-Energy Minerals
,Meridian Berhad,MERIDIAN,,Finance
,EWI Capital Bhd,EWICAP,,Finance
,TSiC Bhd.,TSIC,,Miscellaneous
,Aemulus Holdings Bhd.,AEMULUS,,Electronic Technology
,WaveFront Bhd,WAVEFRNT,,Process Industries
,Avillion Bhd,AVI,,Consumer Services
,Waja Konsortium Bhd,WAJA,,Electronic Technology
,Securemetric Berhad,SMETRIC,,Electronic Technology
,UMediC Group Bhd.,UMC,,Health Technology
,Yong Tai Bhd Irred Conv Pref Registered 2016-27.11.26,YONGTAI-PA,,Finance
,FBG Holdings Berhad,FBG,,Industrial Services
,Zetrix AI Bhd,ZETRIX,,Technology Services
,Lotus Kfm Bhd,LOTUS,,Process Industries
,Luster Industries Bhd.,LUSTER,,Producer Manufacturing
,YLI Holdings Bhd.,YLI,,Producer Manufacturing
,ASTEEL Group Bhd,ASTEEL,,Producer Manufacturing
,Global Oriental Bhd.,GOB,,Finance
,G3 Global Bhd,G3,,Technology Services
,Vizione Holdings Bhd.,VIZIONE,,Industrial Services
,Wegmans Holdings Bhd.,WEGMANS,,Consumer Durables
,Gadang Holdings Bhd.,GADANG,,Industrial Services
,MyTech Group Berhad,MYTECH,,Producer Manufacturing
,QL Resources Bhd.,QL,,Consumer Non-Durables
,Chemlite Innovation Berhad,CLITE,,Process Industries
,Silver Ridge Holdings Bhd.,SRIDGE,,Communications
,Master Tec Group Bhd,MTEC,,Miscellaneous
